{
  "metadata": {
    "exportedAt": "2025-09-14T14:20:18.680Z",
    "exportedBy": "POS TestLab",
    "version": "1.0.0",
    "description": "Configurações exportadas para desenvolvimento de app NFC"
  },
  "nfcConfiguration": {
    "defaultTimeout": 5000,
    "retryAttempts": 3,
    "supportedTechnologies": [
      "ISO14443A",
      "ISO14443B",
      "MIFARE_CLASSIC",
      "NDEF"
    ]
  },
  "hceConfiguration": {
    "aids": [
      {
        "aid": "A0000000031010",
        "name": "Visa Teste Crédito",
        "brand": "VISA",
        "cardType": "CREDIT",
        "selectResponse": "9000",
        "priority": 0
      },
      {
        "aid": "A0000000041010",
        "name": "Mastercard Teste Débito",
        "brand": "MASTERCARD",
        "cardType": "DEBIT",
        "selectResponse": "9000",
        "priority": 0
      },
      {
        "aid": "A0000000032010",
        "name": "Elo Teste Múltipla",
        "brand": "ELO",
        "cardType": "CREDIT",
        "selectResponse": "9000",
        "priority": 0
      }
    ],
    "defaultSelectResponse": "6A82",
    "routing": "HOST"
  },
  "terminals": [
    {
      "id": "STONE001",
      "name": "Terminal Stone T2+",
      "brand": "STONE",
      "model": "T2+",
      "nfcEnabled": true,
      "supportedCards": [
        "VISA",
        "MASTERCARD",
        "ELO"
      ]
    },
    {
      "id": "ING5000",
      "name": "Ingenico Desk/5000",
      "brand": "INGENICO",
      "model": "Desk/5000",
      "nfcEnabled": true,
      "supportedCards": [
        "VISA",
        "MASTERCARD",
        "ELO",
        "AMEX"
      ]
    },
    {
      "id": "CIELO_LIO2",
      "name": "Cielo LIO V2",
      "brand": "CIELO",
      "model": "LIO V2",
      "nfcEnabled": true,
      "supportedCards": [
        "VISA",
        "MASTERCARD",
        "ELO",
        "HIPERCARD"
      ]
    }
  ],
  "paymentCards": [
    {
      "name": "Visa Teste Crédito",
      "pan": "4111111111111111",
      "brand": "VISA",
      "cardType": "CREDIT",
      "aid": "A0000000031010",
      "emvData": {
        "track2": "4111111111111111D25121011234567890",
        "cvv": "123",
        "expiry": "12/25",
        "cardholder_name": "TESTE VISA"
      },
      "testScenarios": [
        {
          "scenario": "PURCHASE_APPROVED",
          "expected_result": "00"
        },
        {
          "scenario": "PURCHASE_DECLINED",
          "expected_result": "05"
        }
      ]
    },
    {
      "name": "Mastercard Teste Débito",
      "pan": "5555555555554444",
      "brand": "MASTERCARD",
      "cardType": "DEBIT",
      "aid": "A0000000041010",
      "emvData": {
        "track2": "5555555555554444D25121011234567890",
        "cvv": "321",
        "expiry": "12/25",
        "cardholder_name": "TESTE MASTER"
      },
      "testScenarios": [
        {
          "scenario": "DEBIT_PIN_REQUIRED",
          "expected_result": "00"
        },
        {
          "scenario": "INSUFFICIENT_FUNDS",
          "expected_result": "51"
        }
      ]
    },
    {
      "name": "Elo Teste Múltipla",
      "pan": "6362970000457013",
      "brand": "ELO",
      "cardType": "CREDIT",
      "aid": "A0000000032010",
      "emvData": {
        "track2": "6362970000457013D25121011234567890",
        "cvv": "456",
        "expiry": "12/25",
        "cardholder_name": "TESTE ELO"
      },
      "testScenarios": [
        {
          "scenario": "CONTACTLESS_PURCHASE",
          "expected_result": "00"
        },
        {
          "scenario": "EXPIRED_CARD",
          "expected_result": "54"
        }
      ]
    }
  ],
  "testData": {
    "sampleTransactions": [
      {
        "type": "PURCHASE",
        "amount": 10,
        "expectedAPDU": [
          "00A404000E325041592E5359532E4444463031",
          "80A8000002830000",
          "8022000008830000000000000000"
        ]
      },
      {
        "type": "REFUND",
        "amount": 5.5,
        "expectedAPDU": [
          "00A404000E325041592E5359532E4444463031",
          "80A8000002830000"
        ]
      }
    ],
    "responseCodeMappings": {
      "14": "INVALID_CARD",
      "51": "INSUFFICIENT_FUNDS",
      "54": "EXPIRED_CARD",
      "00": "APPROVED",
      "05": "DECLINED"
    }
  }
}